name,seq,birthday,street,state,zip
Steve Rodriguez,1000,1/25/1967,Aheuka Plaza,WV,07903
Birdie Young,1001,5/26/1978,Kumu Park,PA,40196
Terry Dean,1002,5/24/1959,Basfa Way,SD,35875
Cornelia Davis,1003,1/21/1998,Zuvom Heights,MA,33876
Gavin Duncan,1004,6/26/1983,Laphes Heights,MI,74561
Ricardo Abbott,1005,4/5/1972,Rizab Way,WA,43045
Duane Frank,1006,1/14/1975,Ecaric Manor,HI,19058
Emma Campbell,1007,3/28/1971,Hiefa Square,WA,64621
Lida Poole,1008,8/2/1994,Zennop Plaza,FL,83604
Eugene Webb,1009,7/10/1979,Visa Path,IN,75033
Mitchell McCormick,1010,9/22/1977,Risef Loop,OH,53043
Sara Baldwin,1011,1/17/1981,Momap Pass,FL,28587
Vincent Reid,1012,5/24/1954,Urehu Glen,WY,43535
Tyler Goodwin,1013,8/6/1971,Sovuv Avenue,OR,27309
Tom Cain,1014,6/24/1994,Fetzun Mill,CT,08489
Lina Lindsey,1015,6/15/1965,Lapce Glen,LA,25354
Thomas Hayes,1016,8/9/1964,Joehi Ridge,ID,90417
Devin Stewart,1017,1/17/1995,Vowar River,FL,99751
Frank Wells,1018,7/31/1954,Epefif Junction,OK,92638
Brandon Bradley,1019,8/30/1996,Vace River,CT,89345
Carrie Munoz,1020,11/16/1997,Guza Key,MS,28618
Nelle Harrington,1021,11/29/1979,Caflo Park,DE,69828
Marguerite Rhodes,1022,9/23/1989,Reti Avenue,MD,82832
Landon Lane,1023,7/3/1957,Pedud Highway,MD,13402
Rachel Benson,1024,8/10/1989,Zinho River,KS,09647
Fanny Ferguson,1025,12/17/1982,Vowe Path,DC,22968
Nellie Foster,1026,12/22/1991,Cacde Street,AL,13658
Caroline Pena,1027,1/28/1981,Pawum Center,RI,61207
Isaiah Page,1028,2/9/1981,Pevja Grove,NC,28378
Carlos McCoy,1029,6/16/1960,Udti Circle,MA,08005
Jackson Lane,1030,10/20/1984,Timde Parkway,NJ,99602
Sara Figueroa,1031,12/13/1994,Pevtuk Manor,MA,65068
Ethan Burgess,1032,11/1/1978,Pofob Pass,MN,07209
Etta Rose,1033,10/13/1954,Nujbe Path,OH,51933
Jeanette Hamilton,1034,7/9/1967,Fikoh Turnpike,ND,86369
Evan Mack,1035,9/9/1986,Nupvin Pass,MD,61095
Tom Butler,1036,7/23/1995,Igtur River,ID,28621
Amelia Townsend,1037,3/20/1966,Wawgi Place,VA,46942
Gregory Bowers,1038,8/11/1958,Saniw Boulevard,DC,25602
Edith Wilson,1039,1/18/1978,Fobom Park,WA,49266
Ann Mendez,1040,12/24/1982,Ibdum Path,AL,85887
Cynthia Davis,1041,10/25/1987,Dohta Avenue,FL,26227
Antonio Bryan,1042,6/23/1997,Buji Mill,MT,17499
Rachel Jefferson,1043,3/6/1990,Puvu Path,OR,97180
Beatrice Cook,1044,12/22/1980,Rasveh Glen,IL,51909
Luella Baldwin,1045,7/19/1960,Koar Junction,WY,71249
Bobby Cortez,1046,1/23/1958,Nuku Heights,WA,62170
Micheal Stephens,1047,4/27/1963,Naic Grove,SC,76682
Alejandro Pratt,1048,11/13/1992,Kivu Road,OK,72381
Lottie Garza,1049,3/23/1997,Zigje Extension,AL,15948
Jose Shelton,1050,8/8/1973,Reaj Grove,AK,10799
Leila Wright,1051,5/22/1984,Cehziw Street,AZ,13000
Nicholas Allison,1052,4/9/1988,Vocaj Extension,ME,15280
Frances Barton,1053,9/24/1976,Tewosa Parkway,VT,39458
Roy Harvey,1054,4/15/1969,Focje Path,OK,08971
Cameron Fox,1055,8/26/1958,Ubudoh Key,AZ,56071
Lina Blair,1056,7/3/1967,Heaj Way,OK,74745
Effie Hall,1057,4/3/1993,Jaos Point,KS,48278
Donald Boyd,1058,9/24/1998,Bihasi Highway,NC,86307
Barry McGuire,1059,5/14/1952,Azuve Lane,IN,89368
Bradley Romero,1060,11/17/1962,Gabbe Park,NC,27204
Mina Phillips,1061,7/19/1996,Walut Extension,HI,79793
Ophelia Armstrong,1062,6/22/1980,Wifid Boulevard,MO,24836
Glen Sanchez,1063,9/4/1991,Fenlur Road,WA,05037
Nettie Gomez,1064,7/24/1981,Upiku Plaza,NM,56904
Devin Boone,1065,7/26/1953,Bejo Lane,DE,50879
Pearl Holmes,1066,5/9/1986,Dalum Square,NC,61442
Manuel Cannon,1067,12/18/1997,Buge Glen,RI,61984
Hester Cole,1068,6/23/1962,Nuef Junction,IN,57065
Bill Cohen,1069,5/9/1962,Halga Square,IN,13839
Olga Hill,1070,10/22/1965,Zuace Trail,HI,35382
Landon Rowe,1071,1/25/1992,Ogjij Highway,AK,49834
Christopher Gordon,1072,5/22/1954,Ulom Pike,LA,23317
Flora Warner,1073,9/7/1992,Sucav Turnpike,NM,41582
Dale Reyes,1074,6/27/1955,Mozilo River,FL,32393
Raymond Cain,1075,12/25/1991,Nuvzib Park,CT,69568
Wesley Torres,1076,11/23/1999,Zoafe Path,ND,17335
Ella Rowe,1077,2/5/1955,Fobrez Manor,ME,96027
Shane Watson,1078,2/14/1953,Jomtem Way,KS,02488
Iva Walker,1079,3/19/1990,Notno Glen,NY,44522
Harvey Medina,1080,12/13/1962,Tise River,CA,01974
Keith Mills,1081,12/14/1991,Fief Glen,MD,02050
Ella Malone,1082,3/18/1968,Butso Road,MI,86495
Nathaniel Beck,1083,3/18/1966,Bebni Center,DC,50794
Richard Mills,1084,8/28/1981,Sila Manor,DE,13943
Mabelle Wong,1085,11/19/1956,Vese Circle,NV,75840
Annie Reyes,1086,5/18/1992,Iwolu Park,MA,07008
Olivia Snyder,1087,12/9/1992,Copnol Key,KS,91188
Rodney Stone,1088,3/1/1992,Gaci Grove,DE,25326
Gavin Jackson,1089,12/25/1961,Ejobol Parkway,DC,33910
Wesley Perry,1090,7/20/1971,Kaswon Terrace,OH,79781
Eugenia Dennis,1091,6/11/1972,Hegol Highway,UT,44268
Melvin Scott,1092,7/17/1995,Mikru Pike,GA,41963
Carl Cobb,1093,5/28/1996,Kewo Way,MN,86183
Earl Wells,1094,5/25/1972,Mubus Loop,NE,15385
Nathaniel Pratt,1095,8/3/1959,Adzi Way,UT,19052
Dominic Holloway,1096,12/25/1983,Wovo Plaza,NC,24974
Ann Shelton,1097,1/12/1991,Ifoif Way,RI,06101
Nathaniel Martinez,1098,2/3/1955,Gane Park,MI,38446
Effie McDaniel,1099,9/7/1969,Mufugo Pike,TN,75188
Matilda Barrett,1100,1/18/1970,Pudeb View,IN,12361
Troy Frazier,1101,4/12/1999,Heef Mill,TX,61983
Nicholas Reynolds,1102,9/16/1963,Sivke Pike,KY,18390
Roger Cohen,1103,11/13/1994,Umfi Mill,IA,41505
Herman Baldwin,1104,12/27/1965,Jiono Glen,NM,68928
Lester Waters,1105,10/8/1961,Vussa Glen,AR,50507
Henrietta Gibbs,1106,9/13/1966,Reew Court,MD,96897
Marvin Alvarado,1107,12/11/1989,Jodem Ridge,VT,73843
Dorothy Boone,1108,12/11/1966,Lirum Boulevard,NE,15291
Helen Osborne,1109,7/3/1982,Tanteb Circle,ME,69155
Jessie Schwartz,1110,12/18/1988,Kavo Loop,PA,62631
Timothy Cole,1111,10/10/1996,Vanjim Extension,MS,63763
Mina Brock,1112,10/6/1989,Lavoga Pike,AK,93062
Willie Chapman,1113,6/22/1995,Pobbev Terrace,MS,10780
Josephine Crawford,1114,4/20/1965,Ippel Grove,VA,05724
Rosie Stephens,1115,11/11/1970,Wudij Grove,MI,39519
Alice McDonald,1116,7/13/1992,Naew Ridge,MI,95949
Rose Sharp,1117,11/15/1986,Hika River,NM,01356
Joshua Rivera,1118,1/6/1981,Susit Highway,SD,03307
Lottie Maldonado,1119,11/4/1974,Obunog Center,CO,79183
Genevieve Daniel,1120,1/19/1953,Raoz Turnpike,NJ,13804
Alfred Gonzales,1121,8/29/1980,Nitset Heights,WI,87699
Joe Howard,1122,8/25/1964,Eweopo View,KS,30372
Lilly Gutierrez,1123,1/25/1989,Roket Circle,ID,89353
Hallie Hart,1124,10/31/1960,Ucla Road,KY,90902
Charlotte Wheeler,1125,4/1/1973,Kantug Street,MS,32650
Minerva Love,1126,4/8/1982,Inaro Center,IL,60376
Randy McKinney,1127,2/16/1980,Fenhen Key,MS,77338
Shawn Bates,1128,8/18/1978,Firmih Lane,PA,86618
Isabel Lynch,1129,6/6/1965,Kiug Circle,SD,73595
Sally Adams,1130,10/1/1996,Tehpo Terrace,MN,54702
Dorothy Riley,1131,11/27/1998,Fapzuw Highway,KY,74843
Randall Horton,1132,5/31/1968,Dunem Highway,NH,62135
Timothy Underwood,1133,6/9/1966,Tacham Glen,PA,73132
Christine Nash,1134,3/26/1955,Dujzet Square,ME,23681
Joel Adkins,1135,1/25/1978,Endih Point,MI,53842
Mike Wagner,1136,3/18/1993,Rabsoc Manor,MO,83185
Logan Shelton,1137,7/8/1987,Vuli Mill,NY,10505
Loretta Mullins,1138,7/24/1954,Jefo Key,VT,68804
Marc Summers,1139,12/5/1958,Kulcuc Way,CA,55207
Janie Hodges,1140,1/11/1982,Cufpu Trail,AK,36864
Matthew Collins,1141,2/22/1984,Jupo Court,WI,33214
Chester Watts,1142,9/3/1991,Muunu River,IL,56486
Leila Padilla,1143,8/14/1959,Zipkud Road,MI,83536
Inez McKenzie,1144,3/28/1981,Zehed Court,NJ,57790
Nettie Frank,1145,8/16/1987,Eruhu Path,AZ,92347
Lelia Tate,1146,1/12/1994,Naka Center,CT,76269
Adrian Lawson,1147,7/19/1966,Cuoli Terrace,TN,24348
Jon Pierce,1148,6/10/1992,Cakwa Path,DE,74862
Maude Gonzales,1149,4/21/1966,Tebel Mill,CT,54534
Ophelia Wilkerson,1150,4/1/1974,Zowbo River,DE,09384
Leah Davidson,1151,5/1/1967,Havce River,MD,59050
Francis Pierce,1152,9/23/1959,Orivu Parkway,GA,74666
Laura Richards,1153,1/16/1991,Hakajo Point,SD,26248
Barbara Parsons,1154,6/3/1985,Novlis Trail,MS,30554
Brandon Reeves,1155,10/2/1998,Velwo Place,NH,65330
Genevieve Jordan,1156,1/25/1959,Wozmuk Drive,MA,24717
Claudia Pena,1157,2/23/1990,Paur River,IN,49669
Larry Parker,1158,9/7/1956,Tahjuf Plaza,KS,65513
Lawrence McGee,1159,10/29/1952,Popvuf Turnpike,OH,08702
Katie Spencer,1160,10/20/1998,Sadpe River,CO,69308
Lela Long,1161,12/24/1989,Sobon Center,FL,42124
Ethel Powell,1162,5/20/1998,Epmez Place,GA,38056
Warren Cobb,1163,12/8/1989,Sifaf Pass,HI,64919
Bertha Hogan,1164,3/12/1960,Savo Point,HI,56861
Arthur Klein,1165,10/17/1990,Jizir Trail,KS,18034
Thomas Olson,1166,1/11/1988,Hawuh Highway,NC,28721
Henry Richardson,1167,6/5/1978,Kagcir Terrace,TX,89794
Minerva Boone,1168,9/13/1973,Dosid Turnpike,HI,11608
Isabella Malone,1169,5/7/1968,Gosod Avenue,TN,21122
Blake Walker,1170,8/21/1977,Sinno Turnpike,UT,10030
Dominic Davis,1171,7/25/1983,Birpa Pass,TN,16499
Samuel Ferguson,1172,3/24/1986,Lesce Junction,AK,31472
Gary Glover,1173,8/17/1989,Livlu Heights,WA,71589
Rodney Olson,1174,6/5/1988,Hajo Turnpike,OH,26675
Lottie Wilson,1175,9/29/1986,Miefe Extension,ND,14086
Lula Gutierrez,1176,2/13/1965,Pudo Court,WA,53853
Hulda Lawrence,1177,10/5/1956,Wavhi Grove,FL,09455
Scott Jimenez,1178,1/24/1969,Kemnaj Pike,MN,62504
Micheal Waters,1179,10/8/1998,Mehcu Grove,MS,73602
Jeremiah Chavez,1180,11/12/1977,Bari Manor,TX,01057
Maude Spencer,1181,8/15/1959,Nefav Trail,TN,08936
Vera Price,1182,10/18/1966,Japko Loop,HI,25060
Patrick Aguilar,1183,2/9/1974,Enugih Street,RI,63990
Minerva Herrera,1184,4/9/1980,Mevov Terrace,ME,43182
Annie Ortiz,1185,2/20/1976,Titod Plaza,MS,01567
Dora Davis,1186,5/17/1985,Viheh Parkway,DE,43438
Ida Ross,1187,11/24/1957,Zulsom Street,MD,64181
Maurice Taylor,1188,4/14/1984,Kahgop Avenue,MA,66288
Rose Woods,1189,5/13/1989,Winve Pass,MD,18405
Celia Jimenez,1190,1/6/1958,Ojipe Mill,WA,42369
Logan Wagner,1191,2/7/1979,Lamba Place,TX,54415
Marion Vasquez,1192,2/25/1994,Diner Place,MO,46325
Eula Armstrong,1193,3/9/1952,Doto View,IN,95117
Jason Cox,1194,12/1/1998,Boko River,AZ,32994
Alex Moody,1195,11/8/1973,Fofbo Heights,SD,28963
Melvin Harris,1196,8/2/1987,Ifopo Circle,NY,90887
Florence Russell,1197,8/28/1959,Uvoivu Circle,KY,37084
Alfred Dean,1198,10/8/1973,Dubti Highway,KY,31839
Bernice Chambers,1199,4/1/1988,Agawi Court,FL,29727
Leila Harrington,1200,2/11/1962,Gatgo Mill,MD,79512
Sadie Anderson,1201,10/2/1979,Ibeit Place,MA,79286
Cornelia Saunders,1202,11/24/1955,Luka Park,NC,18329
Ernest Briggs,1203,6/6/1983,Besen Turnpike,MI,10776
Isabelle Graves,1204,8/27/1962,Dovjej View,SD,93743
Elijah McCarthy,1205,2/6/1996,Liek Highway,WV,84880
Lola Harvey,1206,7/13/1985,Woolo Lane,MT,63879
Rosalie Swanson,1207,12/17/1994,Hubu River,FL,56359
Francis Lucas,1208,10/22/1983,Kujino Ridge,AZ,10939
Jack Wood,1209,3/30/1959,Kekaj Terrace,LA,93933
Frederick Alexander,1210,11/1/1996,Mogwi Loop,KY,32330
Jesus Obrien,1211,8/21/1961,Zuepu Drive,IL,35378
Rodney Torres,1212,3/9/1986,Felsem Terrace,CO,60045
Dora Ortega,1213,2/5/1994,Urilu Parkway,MO,67184
Mike Brewer,1214,5/4/1988,Muctez Court,WI,91517
Don Nichols,1215,4/16/1989,Nemoh Road,ND,16265
Annie Cain,1216,1/10/1967,Cesas Path,HI,83211
Leila Cox,1217,7/31/1971,Fohcuv Way,LA,65229
Barry Owen,1218,11/2/1969,Geggo Trail,MN,18677
Sallie Goodman,1219,8/25/1998,Foti Pass,KS,13462
Rena Greene,1220,6/15/1981,Lure Manor,HI,69885
Bobby Douglas,1221,5/31/1967,Ogog Terrace,PA,82989
Mattie Hall,1222,6/5/1980,Iboni Turnpike,MO,24294
Mae Singleton,1223,6/18/1955,Savako Park,MS,82405
John Dean,1224,4/11/1962,Hubca Pike,MO,82902
Jesus Evans,1225,12/20/1952,Uhwo Ridge,FL,12699
Inez Hughes,1226,8/18/1989,Otmu Key,WY,76207
Claudia Lindsey,1227,2/17/1959,Esuhes Key,TX,32728
Harriett Buchanan,1228,1/8/1998,Rimnic Way,KS,26281
Nina Rodriguez,1229,4/9/1984,Pejaze Place,AL,95911
Eleanor Curtis,1230,6/19/1974,Kadis Center,KS,47591
Theodore Walton,1231,8/9/1987,Juapu Trail,NJ,55637
Kenneth Phillips,1232,8/4/1957,Olisin Mill,AZ,27033
Leila Klein,1233,8/4/1988,Zusi Point,PA,89345
Helen Mason,1234,4/11/1959,Ukikav Road,AR,47297
Violet Patterson,1235,7/5/1955,Wezgiz Pike,GA,57116
Tillie Sandoval,1236,12/30/1959,Walov Manor,ID,28534
Danny Welch,1237,4/23/1967,Niri Path,NH,46568
Marvin McDaniel,1238,4/24/1986,Enfo Grove,NV,70077
Lee Ferguson,1239,4/26/1953,Vumah Road,KS,81652
Mayme Watkins,1240,1/1/1960,Sicki Park,TX,00574
Edith Matthews,1241,11/18/1978,Bimkul Street,MI,12512
Garrett Adams,1242,1/23/1984,Ahez Center,ND,40038
Milton Matthews,1243,10/21/1955,Kozih Terrace,IL,44827
Jack Ryan,1244,1/24/1957,Wafwos Glen,HI,02106
Celia Russell,1245,2/15/1978,Arenup Point,AR,17484
Verna Holland,1246,10/8/1958,Biso Manor,OR,94079
Ida Vargas,1247,12/5/1986,Voziv Pass,OR,66811
Francis Malone,1248,11/12/1992,Nowfap Turnpike,MT,43897
Kenneth McGee,1249,5/6/1984,Ucehew Terrace,CT,90449
Edith Delgado,1250,3/13/1998,Onues Heights,MN,54825
Cordelia Martin,1251,1/31/1983,Mota Drive,DE,11673
Mayme Conner,1252,12/30/1992,Talzaj Pass,DC,89091
Inez Owens,1253,8/21/1967,Ikec Court,IA,55316
Jessie Castro,1254,10/4/1973,Niswo Glen,AR,28906
John Blair,1255,3/6/1995,Peba View,NH,72048
Mike Freeman,1256,3/6/1978,Bomwag Junction,IL,15977
Birdie Gibbs,1257,2/8/1978,Cubjin Loop,ID,39272
Vera Armstrong,1258,12/19/1977,Jaoju Center,WY,24174
Steve Perry,1259,9/18/1977,Meot Parkway,CT,32540
David Garcia,1260,1/21/1986,Mehon Manor,TN,25835
Alice Byrd,1261,10/19/1995,Hicse River,VA,99753
Cordelia Walton,1262,12/4/1981,Wouc Center,WY,82950
Stanley Fuller,1263,2/26/1971,Rofdep Pass,PA,40010
Nina McDaniel,1264,1/23/1986,Voire Square,UT,17510
Sean Bennett,1265,12/15/1980,Ozfuk Park,VA,67261
Jorge Herrera,1266,4/16/1953,Rajzu Glen,RI,00304
Linnie Fisher,1267,7/16/1987,Pagu Pike,KS,27901
Jacob Griffin,1268,3/18/1998,Vimtu Street,MS,66456
Clayton Ingram,1269,12/10/1964,Agiugo Turnpike,IN,52538
Anthony Walsh,1270,10/15/1965,Cehza Court,CA,39423
Bess Oliver,1271,5/28/1962,Mapib Loop,TX,01156
Leah Thornton,1272,1/30/1953,Pujjug Point,UT,54105
Ida Blair,1273,12/21/1956,Ehmiw Boulevard,LA,07551
Winnie Marsh,1274,9/24/1953,Kidnom Heights,ID,36394
Franklin McKinney,1275,8/9/1991,Ruwsaw Parkway,MO,80532
Helena Fleming,1276,9/2/1985,Sefob Glen,DE,07376
Matthew Wilson,1277,7/12/1962,Ulino Pass,GA,57253
Matilda Scott,1278,7/16/1974,Faom Pike,OK,59033
Lora Simmons,1279,4/18/1996,Zikwi Plaza,CO,69870
Nicholas Nguyen,1280,10/23/1991,Jeako Highway,AZ,97275
Aiden Evans,1281,8/24/1956,Ekiko Pass,IN,20740
Milton Murray,1282,4/27/1995,Uciaf Path,CT,16274
Clayton Griffin,1283,10/23/1979,Bubgog Path,HI,81217
Charles Greer,1284,11/2/1992,Kawab Extension,NH,08885
Isaiah Fernandez,1285,6/28/1968,Rehnah Circle,KY,22421
Emma Love,1286,7/7/1954,Heru Heights,KS,91978
Isabella Myers,1287,3/1/1981,Hejcu Manor,KS,70366
Virgie Brady,1288,12/29/1960,Kuvag River,WI,47552
Clarence Ball,1289,9/5/1986,Ekuewi Glen,NY,24559
Gordon Rice,1290,3/1/1996,Aziedu Drive,SD,07239
Lucy Rodgers,1291,1/23/1968,Kewuf Ridge,CA,23481
Angel Green,1292,12/22/1992,Wizzef Heights,CT,83247
Christopher Hopkins,1293,7/23/1997,Kojbak Lane,GA,55973
Ian Nelson,1294,12/21/1956,Pina Circle,KY,33982
Albert Burton,1295,10/24/1981,Tefwi Square,WV,49068
Mattie Neal,1296,10/27/1958,Wada Park,GA,47317
Ethan Jacobs,1297,10/13/1996,Vosbu Grove,MA,98157
Keith Richardson,1298,12/2/1998,Turset Square,FL,68028
Lucinda Nguyen,1299,11/28/1982,Etsa Pass,MT,78467
Barbara Ward,1300,3/12/1986,Gumo Road,MT,26012
Nicholas Vaughn,1301,9/1/1970,Zusuc Manor,ND,11347
Bobby Howell,1302,11/24/1983,Ruzzi Key,TN,20716
Dorothy Owens,1303,1/15/1980,Fiwrof Parkway,ME,31182
Amelia Garrett,1304,1/2/1966,Neliw Path,WA,87549
Jon Carr,1305,2/22/1988,Gouj Grove,RI,35822
Virginia Little,1306,2/5/1978,Ineca Mill,FL,25211
Barbara Roberson,1307,8/3/1976,Wizzor Ridge,IA,76284
Lela Gibbs,1308,8/7/1990,Soje Grove,IA,77729
Howard Morgan,1309,10/18/1979,Midje Pike,MD,29574
Genevieve Weber,1310,12/31/1983,Imwu Path,MA,38736
Teresa Ortega,1311,4/22/1998,Hefnum Turnpike,HI,08516
Rosetta Russell,1312,12/12/1972,Acgu View,OR,40764
Danny Welch,1313,11/4/1964,Dajeja Place,MN,28237
Laura Sullivan,1314,7/2/1977,Teur Avenue,CT,38120
Nicholas Soto,1315,8/24/1958,Ublul Key,DE,76427
Emilie Graham,1316,8/14/1965,Mosoh Drive,NM,73611
Alvin Montgomery,1317,2/1/1995,Ziaf Avenue,UT,74852
Alberta Burgess,1318,1/9/1963,Zattej Plaza,WY,69997
Fred Bishop,1319,3/19/1979,Osogu Lane,IA,43954
Stanley Gray,1320,10/25/1956,Nikji Drive,LA,43840
Annie Berry,1321,4/20/1962,Marna Pike,HI,56007
Isabella Baker,1322,9/15/1974,Wisuj Street,SC,86751
Victoria Carter,1323,6/4/1995,Olepi Point,WY,33331
Lewis Davidson,1324,2/25/1964,Cunma Point,AK,81589
Owen Garrett,1325,2/26/1976,Reev Pike,TN,90766
Lola Banks,1326,10/28/1991,Rejo Park,NY,35779
Dale Bryan,1327,2/26/1963,Rucum Plaza,NY,74412
Janie Horton,1328,10/8/1959,Rafwe River,MO,35491
Patrick Sanders,1329,9/7/1978,Fosreg Road,MO,59459
Janie Becker,1330,7/1/1971,Sigmar Turnpike,WY,51748
Mario Parsons,1331,6/15/1992,Cuoc Square,TN,49460
Eugene Roberson,1332,6/19/1967,Wahe Ridge,MN,95961
Bess Kim,1333,11/17/1985,Huraf Key,LA,77213
James Woods,1334,5/1/1985,Urefid Lane,AL,28222
Martin Fitzgerald,1335,5/5/1997,Vansih Drive,NC,90639
Chad Cunningham,1336,9/20/1989,Wuhuf Turnpike,CA,01275
Elizabeth Griffith,1337,3/12/1954,Evuuf Glen,OH,21533
Lelia Wallace,1338,8/22/1991,Zecece Drive,NC,33837
Larry Ferguson,1339,9/5/1987,Zasmoj Place,CT,64294
Luis Hughes,1340,6/23/1959,Dokim Place,KY,41478
Earl Alvarez,1341,12/5/1976,Zudiv Court,IL,93052
Pearl Smith,1342,1/7/1979,Ralig Point,TN,90260
Ollie Barker,1343,12/10/1953,Kinhit Lane,WI,34995
Sue Patterson,1344,6/6/1952,Dezon Circle,MO,81300
Andrew Potter,1345,3/21/1962,Tojew Junction,MS,14373
Lulu Gardner,1346,11/28/1993,Mujin Glen,NH,80936
Lilly Shaw,1347,11/22/1979,Tinfag Road,MS,50268
Matthew Sherman,1348,6/23/1993,Noslir Center,MD,10541
Dylan Bryan,1349,6/8/1993,Umeec River,AL,28475
Ralph Young,1350,9/28/1976,Zembo Junction,AK,30237
Jim Banks,1351,11/8/1968,Anav Pike,NC,40145
Alberta Cain,1352,1/26/1977,Vobab Heights,DE,08316
Lena Pierce,1353,4/9/1980,Bora Junction,MD,29897
Hattie Murray,1354,5/16/1963,Jircok Terrace,VA,23515
Rosetta Berry,1355,12/30/1971,Dukiwo Center,ME,37817
Francisco Ellis,1356,4/21/1965,Wibiw Court,NM,38453
Antonio Leonard,1357,6/16/1953,Fajlu Key,IN,45145
Ernest Frazier,1358,10/12/1993,Ogegut View,LA,89673
Rachel Farmer,1359,10/8/1956,Miltav Avenue,NJ,62090
Wayne Davidson,1360,6/2/1981,Tahjin Grove,AZ,03309
David Copeland,1361,6/30/1994,Nijaw Mill,AL,95140
Lucile Lynch,1362,12/21/1954,Ofraz View,HI,22208
Eddie Pearson,1363,10/13/1966,Doer Plaza,NH,42722
Marian Buchanan,1364,8/11/1982,Akuidu Road,UT,05476
Tommy Riley,1365,11/24/1969,Cowwi Turnpike,IA,89665
John Fitzgerald,1366,2/13/1998,Loge Way,FL,00502
Eugenia Brewer,1367,11/1/1961,Madca Plaza,KS,30528
Douglas Swanson,1368,10/16/1989,Degaj Drive,GA,78844
Lois Harrison,1369,3/13/1972,Hagu River,VA,52245
Lucille Parker,1370,5/12/1957,Zomop View,NE,06628
Mason Lewis,1371,11/1/1958,Guri Court,NY,14724
Joel Chandler,1372,12/13/1982,Jihib View,MN,15527
Oscar Santiago,1373,5/29/1984,Baabe Plaza,MD,07463
Chris Buchanan,1374,8/30/1988,Hazuz Court,HI,93538
Hester Allen,1375,7/6/1969,Fojwav Grove,GA,37120
Allen Willis,1376,2/26/1970,Egcav Way,MS,46059
Lela Barker,1377,2/3/1973,Vuot Pass,NC,04937
Ronnie Gibbs,1378,9/4/1964,Suli Junction,FL,59355
Leo Colon,1379,4/30/1958,Coido Drive,AR,14072
Nora Larson,1380,5/27/1985,Buja Extension,NY,64998
Ricardo Perkins,1381,9/25/1986,Vakuv Court,KY,47876
Justin Sanders,1382,6/14/1988,Somva Pike,MN,91800
Kate Huff,1383,11/4/1992,Riak Key,OH,95164
Annie Hudson,1384,8/11/1987,Tufifu Boulevard,ME,62908
Noah Harper,1385,8/10/1995,Zizid Mill,CT,93962
Harriet Jones,1386,10/5/1985,Egoub Heights,IA,48636
Joseph Christensen,1387,5/21/1982,Sefuz Manor,HI,93919
Elizabeth Mendez,1388,4/17/1989,Ububi Mill,UT,29422
Samuel Chavez,1389,8/1/1959,Ketec Way,RI,14143
Tony Clarke,1390,11/24/1982,Goclib Lane,RI,67624
Flora Hines,1391,2/1/1957,Copew Center,MT,72189
Bernard Logan,1392,3/13/1988,Cehzip Drive,OH,56660
Cordelia Dawson,1393,10/23/1961,Cazo Glen,NV,93767
Virginia Gross,1394,10/1/1965,Doane Drive,AK,18687
Marion Hubbard,1395,4/13/1953,Rusri River,PA,98592
Georgie Jones,1396,6/18/1971,Japa Heights,RI,64039
Mollie Bates,1397,1/28/1981,Fimur Plaza,NE,53149
Dale Reed,1398,11/15/1978,Civrag Plaza,NJ,78690
Travis Holmes,1399,10/5/1972,Gemo River,IN,28422
Martha McBride,1400,2/20/1969,Pembog Highway,NE,88859
Grace Schwartz,1401,10/1/1963,Tozika Square,NE,69708
Floyd Luna,1402,2/28/1959,Jovuti Boulevard,NM,28886
Johnny Allen,1403,11/14/1952,Wenan Way,OH,24443
Landon Fitzgerald,1404,12/9/1977,Epitoj Heights,WV,46968
Clifford Reed,1405,8/9/1965,Neuc Park,VT,18154
Gregory Lawrence,1406,7/1/1999,Pavug Pass,NH,62014
Maude Fleming,1407,4/8/1983,Nappo Square,IA,76248
Sue Chambers,1408,11/25/1976,Zoba Road,IA,66433
William Collier,1409,2/25/1980,Otipo Path,NH,50543
Teresa Henderson,1410,5/18/1959,Gekecu Street,AL,29302
Minerva Morrison,1411,5/4/1968,Wieku Glen,HI,48799
Joe Strickland,1412,1/3/1978,Apinu Boulevard,UT,84670
Travis Fuller,1413,10/9/1966,Vezi Pass,NV,70662
Chase McCoy,1414,2/17/1991,Jado Center,FL,06683
Manuel Sharp,1415,4/5/1981,Epgis Boulevard,MS,28326
Minnie Roy,1416,4/19/1961,Nogono Grove,MA,30124
Bruce Kim,1417,12/6/1986,Jujvef Way,NJ,86879
Floyd Guzman,1418,3/23/1984,Apvi Center,TN,53118
Francis Brooks,1419,12/26/1988,Ikaor Court,GA,89811
Rosetta Weaver,1420,8/28/1988,Suge Point,CA,84951
Dora Sanchez,1421,12/21/1989,Hato Turnpike,KY,15807
Trevor Owen,1422,6/18/1986,Enuil Lane,SC,17148
Irene Keller,1423,12/9/1953,Buhzi Manor,WI,37378
Ellen McKenzie,1424,3/13/1966,Ipvoh Street,NJ,81949
Annie Henry,1425,5/19/1960,Dutor Manor,IL,73341
Essie Love,1426,7/14/1955,Vuvdoj Terrace,KS,93777
Shane Rodriguez,1427,5/1/1958,Pukrav Highway,VA,44918
Logan Baker,1428,2/9/1979,Muhob Point,GA,27626
Chad Ingram,1429,7/10/1954,Lugu Circle,NJ,21400
Adrian Collins,1430,11/19/1985,Oraigu Heights,NE,39871
Roxie Roberts,1431,2/20/1978,Ribi Junction,NV,18051
Elsie Hines,1432,10/11/1991,Akuoji Way,IA,87011
Maud Hubbard,1433,2/25/1978,Kovada Center,KS,94736
Floyd Lamb,1434,2/19/1994,Niriw Circle,LA,02505
Stephen Jimenez,1435,9/23/1967,Muhsuk Park,KS,41200
Cecelia Delgado,1436,12/26/1952,Nogza Key,RI,17024
Randy Horton,1437,1/28/1962,Wabeg Lane,OH,71680
Gilbert Lynch,1438,8/2/1971,Ciksih Park,LA,61423
Ora Sanchez,1439,2/23/1954,Vuzep Pass,NH,97624
Thomas Carpenter,1440,11/24/1955,Kaciwo Key,AK,61976
Curtis Perkins,1441,7/6/1979,Vuko Pike,OR,27406
Christian Bennett,1442,2/1/1974,Rodpim Mill,OK,09959
Ada Briggs,1443,12/29/1966,Hegme Ridge,NE,71211
Jerome Olson,1444,9/11/1994,Bejtib Street,AL,88922
Ronnie Shaw,1445,10/12/1953,Nidpew Trail,AR,28036
Clarence Gross,1446,4/14/1979,Azmez Parkway,ID,67665
Ralph Estrada,1447,3/2/1985,Sutji Court,AL,14667
Julian Gomez,1448,8/30/1956,Rucuv Parkway,CO,64142
Ethel Hogan,1449,12/24/1988,Dipov Key,SD,29683
William Marsh,1450,9/24/1994,Dihu Mill,DC,84475
Jessie Warren,1451,11/7/1954,Jegog Ridge,ME,09571
Jon Graham,1452,3/26/1980,Govi Extension,SD,66376
Carl Pierce,1453,1/7/1952,Purdov Turnpike,WI,35783
Alan Miles,1454,3/31/1995,Pewig Mill,FL,94035
Nathan Clark,1455,11/5/1970,Dega Lane,MT,42694
Lula Vargas,1456,12/14/1985,Ruruc Ridge,NY,94194
Flora Guzman,1457,3/4/1971,Pazfi Avenue,MD,53795
Nathan Stevenson,1458,4/8/1970,Firuc Point,RI,22325
Beulah Stephens,1459,9/1/1981,Herhav Plaza,GA,31528
Adele Perkins,1460,11/1/1967,Docgik Key,AK,97326
Dora Allen,1461,4/10/1990,Cejo Parkway,MO,01851
Martha Palmer,1462,4/13/1992,Juotu Heights,KY,31787
Bernard Erickson,1463,7/18/1988,Uroka Place,DC,51316
Isabelle Howell,1464,10/23/1993,Revoz Point,OK,42659
Amanda Lindsey,1465,4/23/1962,Gohuja Center,IL,34548
Jayden Romero,1466,7/10/1952,Hogaz Way,IL,10988
Steve Patterson,1467,4/3/1977,Koco Heights,SD,00301
Jeff Wolfe,1468,12/16/1983,Juruz Avenue,HI,32299
Willie Brock,1469,10/4/1994,Viko Ridge,OK,70584
Winifred Simon,1470,11/5/1980,Pudguk Turnpike,OR,32441
Jeff Ferguson,1471,4/30/1955,Wasduf Circle,TN,26855
Joseph Swanson,1472,3/6/1968,Miir Loop,AL,11800
Chase Crawford,1473,3/18/1963,Ewsiw Road,NJ,08836
Raymond Copeland,1474,2/5/1967,Buhhe Street,NY,15774
Ricardo Matthews,1475,7/6/1962,Duuli Ridge,NJ,72575
Sally Keller,1476,9/22/1954,Woswi Extension,UT,13294
Joseph Bowman,1477,6/10/1994,Isuga Road,MO,51719
Louis Spencer,1478,5/14/1963,Paafa Drive,NE,30466
Roy Holloway,1479,2/27/1972,Agouro River,WY,86744
Philip Doyle,1480,4/15/1979,Sihvu Turnpike,ND,68975
Edna Ramos,1481,8/16/1995,Ragan Road,MT,25668
Katherine Black,1482,8/4/1997,Afga Pike,HI,51681
Jose Huff,1483,3/31/1953,Ajbi Street,RI,42360
Logan Richardson,1484,2/11/1962,Dihje Key,MA,23570
Ida Sullivan,1485,10/16/1988,Rumcec Mill,MD,63627
Carrie Anderson,1486,2/12/1995,Futij Junction,OR,15546
Lola Valdez,1487,4/14/1953,Nedih Junction,MI,90981
Flora Watts,1488,2/22/1994,Asvo Loop,NE,95567
Amanda Barrett,1489,3/31/1954,Avikej Pike,NV,65988
Francisco Frazier,1490,8/6/1997,Ratov Point,MA,14107
Craig Hammond,1491,10/19/1958,Parov Parkway,MI,77015
Pauline Harper,1492,4/22/1972,Zujik Pass,SC,25342
Myrtle Sullivan,1493,7/26/1981,Sipes River,GA,10205
Sophia Bridges,1494,3/11/1986,Coek Place,NM,63860
Ralph Wood,1495,8/31/1994,Pade Center,MT,60185
Edna Williamson,1496,6/11/1970,Bajez Center,LA,61865
Bruce Sims,1497,11/3/1989,Hana Manor,MT,72537
Nannie McGuire,1498,5/30/1967,Loda Key,WV,39661
Duane Wilkins,1499,6/2/1971,Sawi Grove,VA,65407
Rosie Mullins,1500,2/27/1952,Esva Square,WA,20812
Josephine Bates,1501,3/16/1975,Guhuco Plaza,MT,29600
Eliza Lawson,1502,2/13/1968,Sakel Mill,DE,07105
Glenn Powell,1503,2/15/1956,Vaer Ridge,TN,28819
Paul Lambert,1504,12/23/1970,Ruhol Mill,IL,07370
Christian Guerrero,1505,3/13/1989,Lifif Plaza,SD,20841
Nora Green,1506,10/18/1957,Mivtu Circle,AL,83350
Stephen Fox,1507,8/29/1999,Budos Grove,MA,17935
Abbie Roberson,1508,11/24/1997,Efive Plaza,RI,62735
Katharine Zimmerman,1509,2/20/1959,Zoima Circle,DE,22647
Viola Fletcher,1510,11/2/1994,Ubvas Boulevard,SD,09064
Wayne Barton,1511,8/27/1967,Siar Trail,NV,69447
Seth Ellis,1512,9/22/1963,Etgev Glen,RI,49936
Edna Rios,1513,3/29/1996,Rovti Point,KY,41202
Mildred Willis,1514,5/8/1988,Ajne Pike,AK,02147
Vernon Kelley,1515,7/21/1973,Elimu Park,MN,45205
Christina Mason,1516,12/1/1969,Dafro Boulevard,NJ,40432
Derek Phelps,1517,1/1/1990,Kuta Glen,WI,00154
Lucy Reeves,1518,5/28/1972,Uwwa Drive,SC,14064
Emilie Sparks,1519,3/18/1987,Rucvin Loop,NJ,65036
Terry Reese,1520,7/17/1953,Uwazo Parkway,OR,04535
Alberta Erickson,1521,3/14/1955,Ulaeka Park,WA,50412
Olga Wong,1522,10/27/1997,Mikud Avenue,ND,69851
Kathryn Sanders,1523,12/27/1988,Seudi Ridge,VA,81837
Dennis Welch,1524,7/31/1978,Idjut Court,ND,65803
Violet Joseph,1525,5/11/1984,Owgom Avenue,KS,68011
Bryan Ruiz,1526,2/12/1971,Heczut Point,NH,40150
Nina Diaz,1527,8/25/1959,Fopo Pike,MS,93761
Jon Mills,1528,3/25/1958,Julap Terrace,SC,40420
Georgie Brewer,1529,2/25/1959,Sima Glen,NC,38026
Landon Green,1530,5/6/1979,Pinwu Grove,NJ,01010
Charlotte Gonzales,1531,8/26/1956,Boja Path,CT,21433
Ina Chapman,1532,12/23/1982,Rodi Terrace,WV,26577
Birdie Black,1533,6/16/1991,Pavna Pike,IN,76216
Ryan Stewart,1534,2/1/1991,Atvo Lane,MD,25555
Erik Drake,1535,12/29/1964,Ukuajo Square,ID,07287
Leah Lawrence,1536,10/24/1972,Adede Avenue,OH,86998
Peter Riley,1537,1/20/1987,Alkur Plaza,RI,86377
Iva Harrington,1538,5/7/1968,Feruj Pike,MS,77207
Joel Huff,1539,10/18/1975,Kuvaz Road,CT,85247
Christine Jones,1540,4/3/1959,Kalez Plaza,OK,75321
Antonio Chavez,1541,1/25/1974,Pavpe Circle,VT,59182
Callie Boyd,1542,11/18/1952,Kewiv Path,TN,12552
Tony Gordon,1543,7/29/1993,Uvpi Ridge,NV,34132
Mitchell Bishop,1544,4/10/1956,Gefo Heights,UT,84918
Wayne Walsh,1545,6/18/1990,Woteto Terrace,ND,31135
Patrick Wong,1546,9/22/1974,Kaba Mill,HI,20399
Lloyd Welch,1547,7/17/1969,Edimed Court,CA,29494
Cameron Morgan,1548,2/22/1985,Jisi Court,RI,76510
Carrie Mullins,1549,11/2/1967,Sejal Court,AR,87893
Chester Atkins,1550,10/16/1962,Riase Center,DC,60127
Winifred Williamson,1551,3/21/1954,Daumo Extension,WV,59767
Della Swanson,1552,8/9/1956,Ilufun Grove,WV,91268
Amanda Ferguson,1553,7/6/1987,Nefehe Junction,TN,20349
Nellie Morris,1554,9/14/1992,Vawbi Boulevard,GA,33361
Cecilia Gardner,1555,10/17/1975,Nosnan Pass,NH,01097
Esther Padilla,1556,2/15/1976,Vajuco Road,OK,51409
Edward Nguyen,1557,1/2/1997,Bosi Way,CT,47771
Mark Alvarado,1558,7/29/1972,Sijal Heights,ND,31151
Zachary Andrews,1559,2/21/1952,Ogeaso Circle,NM,29677
Alejandro Greer,1560,8/22/1961,Wiinu Pike,OK,68490
Jane Rodgers,1561,10/16/1956,Gahac Trail,ME,52661
Amy Diaz,1562,5/31/1983,Mumdug Square,IL,65318
Helena Potter,1563,4/20/1956,Nuad Highway,GA,81361
Pearl Cobb,1564,5/21/1984,Fibdim Park,DE,43462
Derek Hernandez,1565,10/28/1986,Jusu Square,NM,85300
Thomas Neal,1566,4/26/1999,Urbi Point,NM,89109
Steve Gibson,1567,9/5/1988,Tepez River,KY,14640
Virgie Roy,1568,12/29/1967,Wisup Mill,MA,20407
Sam Swanson,1569,3/19/1984,Johir Lane,RI,54279
Mae Lawrence,1570,8/21/1971,Miuji View,ID,21771
Lena Fields,1571,4/23/1986,Isisi Heights,MS,78977
Katharine Lawson,1572,2/27/1956,Kavawa Park,CT,01506
Keith Anderson,1573,9/20/1965,Gobla Loop,OH,41801
Mathilda Murray,1574,10/15/1962,Kucze Square,NV,89658
Polly Foster,1575,4/16/1963,Dabot Grove,HI,84408
Frank Jimenez,1576,10/18/1978,Kunfid Trail,SC,51468
Julian Barton,1577,10/29/1995,Kuhen Manor,IA,11533
Mabelle Barnett,1578,12/19/1965,Ibev River,AK,42206
Milton Daniels,1579,5/18/1993,Bocdin Boulevard,OR,43068
Allie Boone,1580,4/7/1985,Noulu Way,NY,94159
Madge Harper,1581,5/31/1982,Fori Pass,MN,67815
Louise Gray,1582,10/16/1989,Haize Junction,DC,24358
Polly Lee,1583,9/29/1991,Evte Point,ID,29055
Viola Aguilar,1584,5/30/1984,Fuwu Highway,HI,54353
Mason Watkins,1585,12/27/1959,Alhis Square,IL,97886
Devin Matthews,1586,2/16/1966,Webif Manor,NC,08873
Jeremy Hunt,1587,4/27/1954,Nonron Mill,VA,15134
Fanny Myers,1588,2/15/1981,Zode Park,DC,49663
Troy Smith,1589,12/20/1962,Pujpi Drive,MT,10416
Caleb Bishop,1590,1/1/1993,Zuriv Terrace,SD,73243
Jonathan Bridges,1591,6/7/1968,Sekun Place,FL,31642
Jimmy Frazier,1592,3/8/1974,Idehe Turnpike,SC,00562
Teresa Rice,1593,2/1/1964,Fahu Pike,AL,17129
Rosalie Potter,1594,4/26/1997,Otujo Terrace,CA,20540
James Sutton,1595,9/26/1977,Fadtu Path,NY,44804
Gordon Strickland,1596,6/26/1987,Fowo Trail,PA,99365
Samuel Thomas,1597,1/25/1991,Correj Trail,NC,75273
Benjamin McKenzie,1598,7/5/1995,Ilona Lane,MT,69105
Dollie Cooper,1599,7/28/1998,Paguj Plaza,VA,27700

