Elnora Weber,(616) 533-6973
Myrtle Greer,(612) 928-9416
Bertha Murphy,(561) 549-1078
Derrick Russell,(308) 709-2068
Stephen Lane,(803) 819-1494
Pauline Hardy,(357) 254-9640
Todd Sutton,(473) 836-4583
Daniel Ellis,(450) 252-4369
Henrietta Oliver,(682) 828-1880
Louis Mack,(266) 750-6506
Don Baker,(673) 459-4311
Charlie Higgins,(651) 255-2150
Minerva Townsend,(766) 930-6489
Alberta Maldonado,(906) 837-1850
Jesus Moody,(343) 224-5945
Florence Owens,(446) 423-3742
Victoria Stewart,(780) 348-1464
Jesse Weber,(358) 928-8786
Steven Meyer,(213) 721-1603
Jeffery Hines,(720) 601-8910
Elizabeth Griffith,(830) 900-3497
Alice Maldonado,(917) 334-9392
Dollie Dunn,(733) 570-4947
Elva Hammond,(617) 748-7038
Claudia Hernandez,(604) 533-8490
Raymond Haynes,(610) 979-1215
Milton Walton,(733) 903-2792
Emilie Davidson,(487) 984-1320
Lloyd Webster,(905) 506-7683
Theresa Roberts,(968) 311-1530
Jim Wallace,(536) 230-2575
Dylan Adams,(414) 973-7783
Francis Yates,(305) 563-9296
Barry Drake,(587) 438-5921
Lena Fowler,(789) 209-6822
Ruby White,(322) 959-4823
Christopher Abbott,(878) 346-6762
Johanna Hernandez,(661) 932-7400
Brian Burns,(266) 273-6781
Floyd Horton,(333) 848-4278
Hunter Copeland,(837) 716-4006
Gabriel Fitzgerald,(468) 330-4017
Sarah Russell,(771) 362-8424
Todd Weaver,(749) 797-6411
Charlie Daniel,(527) 836-3613
Sallie Ellis,(808) 918-3401
Sam Thompson,(354) 620-3225
Edith Delgado,(422) 927-8291
Don Armstrong,(424) 839-5689
Glenn Jennings,(617) 349-7273
Celia Fletcher,(555) 227-2198
Lucas Vargas,(482) 218-7794
Victoria Lambert,(554) 791-1353
Vernon Cooper,(760) 407-1413
Walter Jones,(407) 307-7128
Carolyn Gonzalez,(434) 532-9046
Joel Mitchell,(349) 630-1686
Jerry Schultz,(611) 895-9462
Lee Norman,(856) 838-1029
Antonio Jordan,(834) 223-7149
Sallie Ray,(720) 538-6382
Alberta McDaniel,(986) 472-6670
Ophelia Sims,(781) 596-2094
Clyde Tucker,(275) 578-5308
Jerry James,(458) 424-8539
Sarah Shelton,(752) 311-9073
Minerva Parker,(950) 829-5712
Daisy Mathis,(234) 693-5558
Marian Clark,(840) 583-1708
Jesse Phillips,(206) 721-7625
Ruth Morales,(230) 815-2878
Claudia Chandler,(552) 436-7786
Lola Miles,(863) 371-8776
Rhoda Wells,(725) 883-4548
Alejandro Lambert,(611) 789-7839
Tillie Collier,(456) 214-8480
Keith Hanson,(720) 628-1092
Timothy Warren,(735) 943-1854
Chester Strickland,(753) 802-4435
Tom Scott,(685) 783-2295
Nettie Guzman,(955) 593-2042
Christian Brooks,(728) 313-4371
Lucinda Copeland,(748) 403-1626
Jessie Caldwell,(711) 667-9113
Adele Burton,(451) 201-7109
Bertie Garrett,(559) 722-9182
Tommy Pope,(522) 543-1129
Catherine Salazar,(453) 824-6082
Juan Moody,(260) 740-8328
Jerry Mathis,(988) 231-2007
Marc Ellis,(531) 899-8161
Amy Kim,(685) 829-5016
Randall Washington,(233) 719-3977
Pearl Waters,(839) 300-2908
Eliza Burgess,(245) 790-8760
Robert Edwards,(571) 897-2437
Samuel Allen,(716) 681-2071
May Potter,(516) 883-1193
Cody Sims,(330) 875-6998
Anthony Wade,(234) 621-9688
Myra Lynch,(374) 208-3928
Mabelle Curtis,(586) 215-6677
Mable Herrera,(533) 270-7834
Glen Montgomery,(512) 242-9784
Logan Chapman,(826) 370-1075
Hettie Mendez,(255) 627-9829
Alta Ward,(704) 552-5796
Julia Oliver,(960) 690-7334
Clarence Lane,(877) 824-1589
Clara Tate,(287) 831-3938
Mayme Andrews,(223) 271-4186
Herbert Reyes,(772) 954-4633
Elizabeth Mann,(546) 934-3379
Katie Newton,(525) 423-9607
Rosalie Francis,(761) 334-3214
Clyde Gross,(328) 452-2538
Rodney Sparks,(615) 722-7549
Gregory Bryan,(752) 699-2593
Dennis Baldwin,(819) 900-9567
Leonard Collins,(407) 445-2046
Edna Robbins,(352) 983-1737
Dollie Boyd,(306) 434-3458
Nancy Patton,(436) 845-6773
Craig Barker,(585) 688-2853
Minnie Perry,(570) 862-2331
Rosa Hogan,(643) 498-3256
Ryan Pope,(332) 494-1183
Hattie Allen,(962) 215-4581
Christine Valdez,(552) 785-9535
Matthew Bishop,(363) 237-2433
Teresa Wong,(264) 827-7782
Grace Carroll,(924) 465-8173
Dylan Marsh,(739) 873-4585
Harvey Ortiz,(731) 592-4665
Lettie Pearson,(772) 714-2186
Carlos Goodman,(885) 484-1377
Caroline Ross,(964) 798-3267
Joel Hubbard,(949) 363-8720
Luis Hodges,(875) 634-3998
Eunice Gilbert,(728) 803-9565
Rosa Hogan,(750) 351-3886
Mollie Nelson,(832) 679-6648
Lura Horton,(888) 542-2460
Mike Davis,(352) 288-9351
Gussie Davis,(602) 511-5669
Erik Cohen,(688) 922-6743
Manuel French,(918) 301-6985
Lenora Cook,(819) 630-7526
Mina Riley,(936) 389-4939
Lou Tran,(941) 274-1058
Nathaniel Bryan,(420) 748-9595
Olivia Stone,(650) 723-6158
Glen Griffin,(270) 922-7573
Bernice Little,(524) 390-6141
Jerome Chandler,(379) 797-4227
Lulu Nunez,(925) 715-6269
Sue Bailey,(800) 680-3938
Bruce Cohen,(575) 337-4774
Jayden Watson,(587) 201-7343
Millie Matthews,(937) 292-2572
Dennis Harrison,(461) 982-1109
Millie Vargas,(904) 691-5991
Edith Flowers,(839) 385-6672
Jackson McBride,(715) 922-1234
Julian Baker,(751) 253-2087
Lettie Grant,(762) 348-5460
Nellie Richardson,(374) 596-4628
Estella Moss,(706) 246-6752
Janie Pearson,(760) 384-1145
Nina Holt,(749) 239-7734
Hilda Gilbert,(873) 415-2217
Louisa Morgan,(685) 747-3485
Wayne Carter,(230) 924-4390
Rena Lynch,(745) 280-4014
Dean McCormick,(722) 665-4298
Lenora Thomas,(942) 577-4477
Julian Foster,(329) 310-9217
Amy Lamb,(425) 235-3314
Maurice Hayes,(610) 711-9622
Mabelle Lynch,(985) 821-5552
Lottie Chavez,(381) 722-8752
Mina Johnston,(388) 350-7533
Jesse Long,(686) 560-6146
Mary Goodman,(510) 677-2521
Clarence Ryan,(525) 983-1324
Theodore Miller,(944) 327-8331
Sean Brewer,(853) 956-8208
Eunice Kim,(249) 832-7433
Raymond Newman,(647) 963-6770
Aiden Wade,(819) 702-6276
Delia Vega,(878) 893-6848
Joe Carson,(657) 764-4361
Eula Barker,(310) 537-4805
Chester Gonzales,(907) 661-7127
Martha Cook,(230) 587-7651
Lucile Dennis,(630) 913-9562
Ellen Benson,(524) 586-7629
Lucas Murray,(740) 872-3018
Ola Richardson,(906) 304-8204
Phillip Walters,(976) 389-5257
Walter Jacobs,(658) 722-1494
Gerald Pratt,(435) 624-4304
Brent Carpenter,(973) 555-9288
Pauline McGee,(577) 303-4783
Jeanette Yates,(541) 371-8412
Ann Clayton,(345) 363-5067
Rosalie Briggs,(940) 701-3096
Carlos Lambert,(767) 275-2464
Randy Fowler,(789) 771-8743
Barry Clark,(258) 462-7341
Myrtle Lloyd,(559) 293-2838
Andre Singleton,(677) 325-9608
Bernice Ross,(803) 856-2457
Antonio Dunn,(223) 409-5750
Lucille Lindsey,(531) 615-3930
Luella Alvarez,(526) 888-3733
Mary Peterson,(673) 427-3218
Miguel Chambers,(485) 396-2838
Elnora Barnett,(353) 549-7483
Mollie Knight,(811) 613-6329
Jonathan Fowler,(554) 849-6463
Sadie Maxwell,(942) 223-9238
Sophie Medina,(287) 991-5556
Hallie Robinson,(224) 838-9467
Lela French,(504) 487-3724
Antonio Miller,(669) 780-7592
Jordan Tyler,(827) 747-6230
Sylvia Fowler,(788) 278-9848
Mike Maldonado,(270) 991-4123
Della Montgomery,(336) 264-5117
Leroy Rice,(836) 208-9270
Ernest Flores,(236) 781-4611
Chad Gilbert,(276) 666-1441
Austin Hubbard,(273) 649-9290
Mina Warner,(470) 270-1699
Jeremy Mitchell,(834) 616-2933
Addie Reynolds,(276) 599-2148
Garrett Erickson,(548) 300-3746
Winifred Harper,(973) 395-1788
Hulda Cook,(213) 295-7273
Millie Neal,(363) 476-8528
Millie Bennett,(430) 206-6437
Bessie Fleming,(423) 677-9175
Emilie Holland,(506) 481-1442
Cameron Christensen,(614) 323-6689
Johanna Ellis,(721) 289-6062
Johnny Gordon,(709) 207-2020
Myra Rogers,(788) 893-7984
Alberta Evans,(913) 966-2087
Theodore Harvey,(523) 735-2108
Christopher Obrien,(767) 797-2253
Anthony Norman,(737) 420-8289
Delia Peters,(247) 944-6804
Lois Olson,(955) 971-6531
Jeremy Maldonado,(486) 956-5761
Lizzie Lane,(824) 286-8738
Peter Massey,(619) 533-1222
Antonio Pittman,(489) 820-4396
Jayden Page,(925) 550-3027
Annie Webb,(465) 468-9885
Johanna Ortega,(368) 201-2870
David Owen,(384) 794-8840
Hilda Hubbard,(579) 257-7775
Hulda Hammond,(480) 259-4038
Gerald Kelly,(644) 572-8234
Winifred James,(773) 293-3538
Genevieve Stanley,(611) 306-7967
Erik Kelly,(205) 583-9157
Clara Goodwin,(309) 618-6319
Eric Brady,(301) 333-4695
Evan Romero,(941) 615-3558
James Owen,(286) 878-3721
Eula Chavez,(237) 587-5270
Marguerite Blair,(533) 436-3376
Verna Quinn,(339) 771-6142
Augusta Osborne,(578) 863-7573
Gabriel Jensen,(287) 710-4520
Isabelle Ramsey,(818) 521-3084
Amy Robbins,(240) 662-3259
Jayden Rivera,(506) 511-6587
Blake Martinez,(386) 523-6502
Henrietta Shelton,(300) 337-3226
Jacob Houston,(467) 936-1557
Dominic Chavez,(748) 367-1247
Peter Barnes,(777) 525-9745
Lily Peters,(524) 887-9798
Francisco Dean,(488) 722-7749
Patrick Atkins,(785) 463-4214
Russell Lamb,(648) 491-5986
Annie Reyes,(453) 537-9159
Mabel Newton,(902) 507-2037
Stanley Vega,(778) 458-4382
Aiden Adkins,(723) 923-5342
Leila Wong,(773) 650-8281
Ian Simmons,(820) 493-8170
Luke McCarthy,(834) 583-6050
Aaron Arnold,(628) 445-9930
Stephen Dennis,(740) 476-3541
Roy Beck,(553) 594-7125
Rose Hampton,(559) 285-1969
Marguerite Davidson,(264) 474-7256
Maude Gill,(332) 418-8385
Mildred Bridges,(477) 650-1643
Leonard May,(549) 656-5153
Delia Banks,(441) 756-9836
Maud Ward,(248) 289-8914
Cornelia Phelps,(234) 838-2130
Lester Haynes,(571) 953-7911
Alfred Anderson,(431) 688-2259
Eugene Perry,(268) 581-7693
Birdie Kennedy,(381) 777-7327
Nell Farmer,(225) 381-3909
Lee Thompson,(441) 582-5553
Nell Ortega,(811) 347-3966
Ruby James,(825) 390-9794
Susan Ball,(645) 521-2492
Katharine Cox,(653) 429-8280
Eleanor Gonzales,(763) 272-1997
Cornelia Alvarez,(346) 869-5767
Eliza Harrison,(587) 994-3039
Claudia Santiago,(201) 611-6312
Ethan Keller,(802) 669-5915
Gertrude Goodwin,(283) 833-2459
Elnora Moran,(682) 385-1623
Leila Tucker,(838) 263-4172
Dean Walters,(567) 659-9748
Tyler Ortega,(661) 287-9730
Celia McDonald,(256) 452-6271
Fred Andrews,(232) 523-7523
Florence Mendoza,(815) 476-6218
Curtis Walters,(508) 383-6468
Cecilia Bell,(339) 275-5024
Elijah Schneider,(350) 846-4561
Marian Barnett,(929) 842-8241
Evelyn Mitchell,(848) 371-8465
Martin Boyd,(969) 415-3722
Alberta Patterson,(813) 322-7482
Lloyd Buchanan,(516) 581-2958
Mayme Fleming,(382) 201-8960
Robert Mitchell,(768) 742-4445
Virginia Schneider,(636) 416-2601
Christian Fields,(235) 898-9892
Juan Reynolds,(539) 221-3171
Minnie Collins,(375) 774-3417
Adele Berry,(738) 938-2040
Genevieve Kelley,(507) 742-2375
Marie Moore,(504) 768-8125
Alberta Joseph,(823) 946-6049
Sally McGee,(704) 694-4873
Andrew Boyd,(522) 222-1931
Inez Burgess,(861) 895-3072
Ann Collins,(989) 942-5214
Mabelle Guerrero,(940) 682-4661
Hallie Page,(936) 591-3564
Julian Ortiz,(589) 380-4140
Melvin Moore,(604) 916-4147
Jesus Goodman,(421) 870-9706
Winifred Rodriquez,(956) 321-2360
Jack Lee,(870) 271-2138
Herbert Carroll,(984) 396-5842
Adeline Reed,(257) 494-6504
Flora Grant,(286) 928-2253
Jacob George,(975) 217-2055
Leah Hill,(811) 934-5535
Betty Curry,(321) 266-6846
Bernard Hansen,(870) 481-1672
Terry Payne,(621) 723-8492
Hannah Moore,(533) 679-7047
Loretta Anderson,(568) 855-4057
Jessie Mills,(537) 480-6003
Phillip Gonzales,(733) 734-8058
Flora Fletcher,(512) 223-9992
Andre Stevenson,(831) 710-5179
Leo Phillips,(943) 314-2632
Micheal Stanley,(674) 771-3066
Daniel Shelton,(201) 586-7441
Hunter Stewart,(407) 465-8220
Nancy Fields,(700) 975-8731
Jordan Lambert,(507) 262-8303
Bertha Osborne,(780) 974-1982
Cecilia Morgan,(727) 701-5808
Noah Andrews,(750) 799-4641
Jason Wells,(370) 596-7984
Mabelle Butler,(451) 746-5003
Ina Williams,(917) 577-4403
Ricky Price,(942) 687-7937
Ellen Tate,(867) 826-6712
Travis Foster,(419) 534-5351
Edward Ballard,(955) 430-2229
Patrick Perkins,(228) 891-2296
Nannie Schmidt,(735) 705-2192
Melvin Morales,(424) 632-3319
Tyler Carr,(608) 367-2550
Lulu Crawford,(550) 536-5462
Isaac Price,(304) 560-4415
Frances Bowers,(580) 330-7801
Mario Bowman,(729) 944-9330
Don Schmidt,(365) 503-4321
Franklin Webb,(520) 399-2931
Lucy Pratt,(540) 804-2968
Christine Wilkins,(520) 617-5405
Claudia Jordan,(626) 538-4960
Frank Townsend,(555) 785-6160
Austin Park,(879) 925-7662
Leo Benson,(445) 938-1667
Phoebe Garrett,(843) 213-9406
Sophie White,(884) 809-5155
Gabriel Nichols,(957) 529-7568
Jacob Ferguson,(551) 534-4149
Jane Aguilar,(886) 361-7772
Alexander Rodgers,(454) 744-2413
Herbert Burton,(370) 724-1989
Frank Garza,(389) 330-5097
Lily Wood,(300) 679-1348
Anthony Jackson,(550) 579-1899
Nell Marshall,(238) 504-6649
Joseph Hawkins,(626) 224-2335
Theodore Wallace,(832) 350-9236
Ernest Nunez,(913) 717-7517
Johanna Simon,(919) 915-9770
Hallie Elliott,(818) 513-5484
Jayden Joseph,(574) 839-6139
Kevin Banks,(502) 417-6168
Samuel Anderson,(743) 876-1544
Stella Watkins,(648) 817-8421
Benjamin Taylor,(607) 418-1314
Louis Vega,(816) 566-4281
Danny Roy,(382) 882-4085
Martha Boone,(681) 756-1420
Sophie McCormick,(563) 887-8116
Lillian Bowen,(544) 964-7703
Duane Santos,(706) 376-3886
Ronald Peterson,(853) 459-1554
Eva Robbins,(347) 514-5790
Joshua Arnold,(308) 727-1233
Ora Horton,(986) 533-8423
Aiden Shaw,(406) 486-1481
Clayton Pittman,(338) 995-1500
Kyle Nguyen,(540) 672-5255
Mildred Flowers,(609) 937-7466
Travis Taylor,(212) 709-3307
Melvin Woods,(725) 965-3447
Nelle Dennis,(724) 636-2449
Mathilda Richards,(327) 258-6944
Sophie Cross,(486) 930-5879
Eunice Neal,(569) 236-8556
Ollie Carpenter,(356) 868-9370
Ray Vaughn,(730) 703-8181
Derek Burke,(768) 455-1666
Roy Atkins,(863) 952-6612
Rosetta Erickson,(961) 513-2662
Bryan Dunn,(940) 532-5943
Isaac Franklin,(661) 505-6195
Essie Wade,(752) 677-4174
Anne Sherman,(559) 989-2992
Ina Dixon,(779) 436-9985
Vernon Kelley,(686) 704-4408
Rosetta Griffin,(251) 671-8086
Rosie Mack,(282) 565-8019
Andre Poole,(984) 896-7076
Mamie Freeman,(657) 764-6184
Gerald Brooks,(723) 962-1392
Etta Briggs,(962) 597-2742
Estella Harper,(503) 384-7210
Carolyn Bradley,(274) 892-5568
Cole Thompson,(801) 936-6885
Eddie Caldwell,(936) 973-3238
Daisy Chambers,(345) 710-4800
Eugene Riley,(280) 789-9414
Tyler Patrick,(625) 524-3362
Matthew Martinez,(355) 305-8800
Olive Marsh,(710) 853-3147
Max Neal,(247) 884-3742
Victor Roy,(207) 286-4853
Russell Rios,(868) 389-5083
Jason Hodges,(710) 868-3291
Cynthia Waters,(307) 978-1768
Nettie Mason,(315) 655-2795
Leah Cortez,(958) 760-4449
Roxie Frazier,(872) 975-1954
Darrell Hill,(623) 724-6596
Steven Alvarado,(614) 824-9744
Allie Ferguson,(984) 446-2000
Marcus Clarke,(257) 538-9063
Gussie Armstrong,(323) 789-9120
Mayme Nelson,(554) 923-5921
Franklin Stevens,(838) 826-6644
Francis Wheeler,(237) 863-2701
Hattie Graham,(830) 915-8405
Nelle Jefferson,(253) 831-8763
Caleb Benson,(429) 718-7893
Glen Underwood,(426) 884-5638
Kevin Knight,(430) 813-3162
Elva Lindsey,(945) 664-4474
Philip Gilbert,(929) 639-4410
Lottie Tran,(709) 663-1851
Edith Terry,(520) 321-4768
Carlos Smith,(318) 845-8504
Luis Klein,(274) 239-5482
Mathilda Beck,(626) 791-7928
Loretta Mack,(238) 470-8665
Mae Alexander,(200) 268-4187
Delia Craig,(814) 942-2920
Craig Collier,(748) 268-5999
Eric Morgan,(804) 605-1538
Ola Ellis,(912) 894-9627
Sue Olson,(812) 566-8882
Adele Long,(319) 474-4359
Paul McCarthy,(261) 641-5134
Rodney Hayes,(407) 439-5864
Lewis Lambert,(232) 620-8916
Danny Salazar,(615) 824-8256
Victor Castillo,(876) 599-9887
Mollie Wood,(807) 236-5327
Bertha Norman,(558) 780-4845
Sue Brewer,(604) 389-6268
Ollie Rose,(403) 487-6079
Rachel Warner,(678) 791-3801
Willie Watkins,(370) 691-7328
Dollie Cruz,(473) 972-2992
Charles Vargas,(237) 247-4153
Alejandro Walters,(344) 437-9503
Connor Lane,(385) 563-9122
Nicholas Mathis,(722) 615-5435
Frances Townsend,(464) 764-1587
Frederick Daniels,(815) 604-3124
Clifford Webb,(234) 882-2386
Eva Walker,(385) 614-6825
Jack Daniel,(806) 483-4132
Jeanette Vargas,(417) 900-4170
Chad Mason,(663) 977-6623
Effie Watts,(552) 401-4315
Mina Phelps,(989) 308-3609
Anne Thompson,(579) 400-7076
Devin Mullins,(704) 868-8800
Christina Mullins,(345) 993-6112
Emma Padilla,(850) 265-6010
Jessie Walker,(975) 745-8679
Chase Palmer,(266) 685-7992
Bess Luna,(725) 787-7243
Glen Parks,(581) 892-1619
Cory Matthews,(710) 857-4906
Don Wagner,(329) 650-1373
Manuel Tate,(853) 430-5888
Chester Hansen,(773) 483-6380
Shawn McCarthy,(836) 314-7509
Albert Stone,(629) 566-8357
Minnie Buchanan,(829) 908-1227
Allen Fuller,(241) 526-4732
Harry Wood,(532) 635-1522
Robert Love,(948) 463-5525
Steven Sanders,(511) 320-1979
Birdie Sullivan,(370) 359-6481
Belle Logan,(560) 557-4560
Ruby Mann,(614) 891-6719
Ollie Owens,(636) 335-5005
Amanda Ball,(250) 622-5130
Nannie Ballard,(919) 405-4701
Sophia Fisher,(567) 413-3810
Amy McGuire,(534) 865-1944
Henrietta Maldonado,(743) 606-2718
Mayme Kelley,(437) 536-1728
Beulah Morales,(779) 509-7494
Sara Mann,(463) 424-9428
Inez Stone,(235) 963-2678
Delia Diaz,(987) 806-6670
Ethan Brooks,(749) 377-4360
Earl Gonzalez,(734) 699-1523
Jessie Wells,(355) 212-5065
Daniel Webster,(319) 509-5868
Marcus Parsons,(712) 547-2013
Emilie Boyd,(954) 991-6677
Elnora Lyons,(759) 375-5463
Henry Powell,(843) 204-7212
Ivan Garza,(755) 645-8945
James Douglas,(214) 809-4727
Frank Schwartz,(622) 388-4995
Phillip Hale,(561) 248-4211
Joe Oliver,(907) 976-8988
Edgar Garner,(830) 315-2905
John Johnson,(956) 856-9146
Mamie Blair,(641) 804-7797
Dora Hopkins,(827) 264-3018
Billy Barrett,(805) 738-3122
Winifred Morrison,(849) 298-5033
Carolyn Greene,(387) 873-8492
Fanny Gibbs,(308) 596-2973
Maria Morgan,(303) 342-2628
Maud Berry,(953) 933-3890
Chase Greer,(764) 766-9725
Hannah Garner,(801) 312-3088
Katherine Romero,(211) 856-6200
Dominic Wong,(225) 975-7488
Myrtle Wade,(956) 858-5292
Lizzie Gutierrez,(267) 824-8665
Luke Moreno,(253) 759-4847
Kevin Benson,(248) 536-8451
Connor Hayes,(942) 938-6604
Evan Ruiz,(409) 469-7181
Manuel Anderson,(834) 762-4975
